a,noise,apartment,location,prep,action,,,,,,,,,,,,,,,,
a,noise,apt,location,prep,action,,,,,,,,,,,,,,,,
a,noise,change,action,cylinder,object,,,,,,,,,,,,,,,,
a,noise,connect,action,stove,object,,,,,,,,,,,,,,,,
a,noise,re,,rent,description,stove,object,condition,action,to,,transfer,action,to,,,,,,,
a,noise,nov,noise,sent,action,1,noise,1,noise,,,,,,,,,,,,
a,noise,nov,noise,sent,action,1,noise,18,noise,,,,,,,,,,,,
a,noise,paint,action,apt,location,door,object,and,conjunction,prep,action,apartment,location,,,,,,,,
a,noise,paint,action,colored,description,paint,action,in,description,1st,noise,,,,,,,,,,
a,noise,paint,action,with,description,li,noise,,,,,,,,,,,,,,
a,noise,properly,description,repair,action,,,,,,,,,,,,,,,,
a,noise,re,,rent,description,remove,action,stick,,on,description,tiles,object,kitchen,location,pre,noise,,,,
a,noise,refit,action,wind,object,,,,,,,,,,,,,,,,
a,noise,remove,action,2,numerator,window,,guards,object,and,conjunction,paint,action,the,,wind,object,,,,
a,noise,staircase,location,street,,level,location,door,Object,needs,description,repair,action,,,,,,,,
a,noise,tenant,description,moved,,in,description,,,,,,,,,,,,,,
a,noise,27,noise,2005,noise,adm,noise,code,noise,paint,action,metal,object,in,description,accordance,description,,,,
a,noise,27,noise,2005,noise,adm,noise,code,noise,properly,description,repair,action,with,description,simil,description,,,,
a,noise,27,noise,2005,noise,adm,noise,code,noise,refit,action,all,description,closet,,door,object,in,description,t,
a,noise,27,noise,2005,noise,adm,noise,code,noise,refit,action,door,object,to,description,hinge,description,to,description,low,description
a,noise,27,noise,2005,noise,adm,noise,code,noise,refit,action,the,noise,closet,,doors,object,in,description,,
a,noise,27,noise,2005,noise,adm,noise,code,noise,repair,action,the,noise,broken,description,or,conjunction,defec,description,,
a,noise,27,noise,2013,noise,adm,noise,code,noise,paint,action,with,description,light,description,colored,description,p,description,,
a,noise,27,noise,2026,noise,2027,noise,hmc,noise,properly,description,repair,action,the,noise,sour,object,,,,
a,noise,27,noise,2043,noise,adm,noise,code,noise,provide,action,a,description,lock,object,and,conjunction,key,object,to,
a,noise,27,noise,2046,noise,1,noise,hmc,noise,post,action,a,noise,proper,description,notice,description,of,description,carb,description
a,noise,27,noise,2104,noise,adm,noise,code,noise,post,action,and,conjunction,maintain,action,a,noise,proper,description,,
a,noise,5,noise,d,noise,lock,object,out,description,,,,,,,,,,,,
a,noise,and,conjunction,h,,line,location,,,,,,,,,,,,,,
a,noise,and,conjunction,h,,line,location,35th,,floor,location,emergency,description,water,,shut,action,,,,
a,noise,and,conjunction,k,,line,location,building,location,leak,description,repair,action,,,,,,,,
a,noise,apartment,location,prep,action,,,,,,,,,,,,,,,,
a,noise,apt,location,prep,action,,,,,,,,,,,,,,,,
a,noise,c,noise,out,,let,object,in,description,small,description,b,description,r,,,,,,,
a,noise,c,noise,sleeve,object,leaking,description,,,,,,,,,,,,,,
a,noise,c,noise,back,,grill,object,needed,action,,,,,,,,,,,,
a,noise,c,noise,cover,,grill,object,,,,,,,,,,,,,,
a,noise,c,noise,cover,object,in,description,l,,r,location,caved,description,in,description,has,description,a,noise,dent,description
a,noise,c,noise,cover,object,install,action,properly,description,,,,,,,,,,,,
a,noise,c,noise,cover,object,need,description,to,description,be,description,reinstalled,action,,,,,,,,
a,noise,c,noise,cover,object,needed,description,,,,,,,,,,,,,,
a,noise,c,noise,cover,object,needed,description,cold,description,air,description,coming,description,through,description,,,,,,
a,noise,c,noise,cover,object,needed,description,in,description,bdrm,location,l,,r,location,,,,,,
a,noise,c,noise,cover,object,needed,description,at,description,window,object,also,description,appears,description,to,description,,,,
a,noise,c,noise,cover,object,needed,description,for,description,l,,r,location,and,conjunction,3,numerator,bdr,Location,,
a,noise,c,noise,covers,object,hallway,location,needs,description,light,,fixture,object,,,,,,,,
a,noise,c,noise,covers,object,needed,description,,,,,,,,,,,,,,
a,noise,c,noise,covers,object,needed,description,pte,noise,,,,,,,,,,,,
a,noise,c,noise,covers,object,needed,description,in,description,2,numerator,bdrms,location,,,,,,,,
a,noise,c,noise,covers,object,needed,description,in,description,apt,location,,,,,,,,,,
a,noise,c,noise,covers,object,needed,description,in,description,bdrm,location,,,,,,,,,,
a,noise,c,noise,covers,object,needed,description,in,description,unit,location,not,noise,sure,noise,,,,,,
a,noise,c,noise,damaged,description,as,,per,description,tnt,description,due,,to,analysis,the,noise,heaters,analysis,pl,
a,noise,c,noise,grill,object,cover,object,needed,action,,,,,,,,,,,,
a,noise,c,noise,grill,object,needed,action,,,,,,,,,,,,,,
a,noise,c,noise,grill,object,needed,action,in,description,lr,location,bedroom,location,,,,,,,,
ac,,sleeve,object,remove,action,cover,object,,,,,,,,,,,,,,
ac,,sleeve,object,repair,action,,,,,,,,,,,,,,,,
ac,,sleeve,object,repair,action,replace,action,,,,,,,,,,,,,,
ac,,unit,object,cover,object,iinsulate,action,,,,,,,,,,,,,,
ac,,unit,object,electrical,description,outlet,object,repair,action,,,,,,,,,,,,
access,,panel,object,next,description,to,description,elevator,object,scrap,action,and,conjunction,pain,action,,,,,,
access,action,to,noise,check,action,for,description,leak,description,going,description,below,description,to,description,apt,location,,,,
access,action,to,noise,check,action,for,description,leak,description,inside,description,the,noise,wall,location,,,,,,
adjust,action,hot,,water,description,at,description,shower,location,,,,,,,,,,,,
adjust,action,hot,,water,description,coming,,from,analysis,shower,location,,,,,,,,,,
adjust,action,hot,,water,description,pressure,description,,,,,,,,,,,,,,
adjust,action,kitchen,location,cabinet,object,,,,,,,,,,,,,,,,
adjust,action,kitchen,location,faucet,object,,,,,,,,,,,,,,,,
adjust,action,kitchen,location,faucet,object,leaking,description,,,,,,,,,,,,,,
adm,noise,code,noise,and,conjunction,dept,description,rules,description,and,conjunction,regulati,description,,,,,,,,
adm,noise,code,noise,paint,action,with,description,light,description,colored,description,pai,description,,,,,,,,
air,,condition,object,in,description,living,,room,location,that,description,is,description,old,description,and,conjunction,,,,
air,,conditioner,object,fan,object,repair,action,,,,,,,,,,,,,,
air,,conditioner,object,holder,object,cover,object,repair,action,w,noise,o,noise,0,noise,38,noise,,,,
all,numerator,closet,location,doors,object,off,description,track,description,,,,,,,,,,,,
all,numerator,cover,object,hallway,location,light,object,are,description,missing,description,,,,,,,,,,
all,numerator,day,description,tour,action,starting,description,at,description,9am,description,,,,,,,,,,
all,numerator,drains,object,clogged,description,,,,,,,,,,,,,,,,
alleged,analysis,mold,description,mildew,description,behind,description,toilet,object,,,,,,,,,,,,
alleged,analysis,mold,description,mildew,description,in,description,bathrooms,location,,,,,,,,,,,,
apartment,,carbon,,monoxide,,smoke,,detector,,repl,,,,,,,,,,,
apartment,,ceiling,,and,,wall,,heavy,,flow,,,,,,,,,,,
apartment,,ceiling,,damage,,repair,,,,,,,,,,,,,,,
apartment,,ceiling,,leak,,damage,,repair,,,,,,,,,,,,,
apartment,location,front,location,door,object,knob,object,repair,action,rep,,,,,,,,,,,
apartment,location,front,location,door,object,bottom,description,hinge,object,plate,,needs,,,,,,,,,
apartment,location,front,location,door,object,frame,object,hinge,object,need,,out,,s,,,,,,,
apartment,location,front,location,door,object,handle,object,repair,action,,,,,,,,,,,,
apartment,location,front,location,door,object,handle,object,repair,action,r,,,,,,,,,,,
apartment,location,front,location,door,object,hinges,object,,,,,,,,,,,,,,
apartment,location,radiator,,valve,object,replace,action,3,numerator,,,,,,,,,,,,
apartment,location,radiators,,repair,object,excluding,description,,,,,,,,,,,,,,
apartment,location,radiators,,repair,object,throughout,description,,,,,,,,,,,,,,
apartment,location,refridgerator,object,repair,action,,,,,,,,,,,,,,,,
apartment,location,rented,description,for,description,today,description,4e,location,,,,,,,,,,,,
apt,location,27a,location,install,action,heaters,object,2,numerator,3ft,description,and,conjunction,1,numerator,5ft,description,,,,
apt,location,27a,location,install,action,heaters,object,in,description,apt,location,2,numerator,3ft,description,1,numerator,5ft,description,,
apt,location,27a,location,replace,action,vanity,object,,,,,,,,,,,,,,
apt,location,27a,location,shave,action,bedroom,location,door,object,,,,,,,,,,,,
as,,per,analysis,anthony,description,replace,action,waste,,bend,object,,,,,,,,,,
as,,per,analysis,carlos,description,install,action,stove,object,fridge,object,and,conjunction,micro,object,,,,,,
attach,action,cabinet,object,back,description,to,description,wall,description,in,description,kitchen,location,,,,,,,,
attach,action,heater,object,covers,object,attach,action,ac,,covers,object,,,,,,,,,,
b10403284,noise,repair,action,bathtub,,faucet,object,leak,description,,,,,,,,,,,,
b10405830,noise,repair,action,defective,description,plastered,action,,,,,,,,,,,,,,
b10405832,noise,replace,action,repair,action,missing,description,de,noise,,,,,,,,,,,,
back,,to,,back,analysis,stoppage,description,with,description,c19h,location,,,,,,,,,,
back,,to,,back,analysis,tub,object,clog,description,kitchen,location,sink,object,clog,description,wit,description,,,,
back,,to,,back,analysis,tub,object,stoppage,description,,,,,,,,,,,,
backyard,location,lights,object,not,,working,description,replace,action,,,,,,,,,,,,
balcony,location,door,,handle,object,lock,object,,,,,,,,,,,,,,
balcony,location,door,,handle,object,missing,description,a,noise,screw,description,,,,,,,,,,
balcony,location,door,,hard,description,to,description,open,description,door,object,also,conjunction,need,action,a,noise,h,noise,,
basement,location,bathroom,location,toilet,object,install,action,,,,,,,,,,,,,,
basement,location,boiler,,room,location,clean,action,out,noise,,,,,,,,,,,,
basement,location,boiler,,room,location,repair,action,,,,,,,,,,,,,,
basement,location,ceiling,location,leak,description,repair,action,,,,,,,,,,,,,,
basin,,faucet,object,handle,object,loose,description,,,,,,,,,,,,,,
basin,,faucet,object,is,description,leaking,description,water,description,wont,description,shut,,off,description,,,,,,
basin,,faucet,object,keeps,noise,running,description,,,,,,,,,,,,,,
bath,location,sink,object,clogged,description,,,,,,,,,,,,,,,,
bath,location,sink,object,leak,description,,,,,,,,,,,,,,,,
bath,location,sink,object,leaking,description,,,,,,,,,,,,,,,,
bath,location,sink,object,off,description,wall,location,put,,back,action,on,noise,,,,,,,,
bathroom,location,kitchen,location,sink,object,leak,description,repair,action,,,,,,,,,,,,
bathroom,location,kitchen,location,sink,object,leak,description,repair,action,,,,,,,,,,,,
bathroom,location,light,object,is,description,not,description,working,description,he,noise,changed,noise,t,noise,,,,,,
bathroom,location,living,,room,location,light,,fixture,object,,,,,,,,,,,,
bathroom,location,bathtub,object,and,conjunction,sink,object,clogged,description,w,noise,o,noise,0,noise,3816,noise,,,,
bathroom,location,bathtub,object,and,conjunction,sink,,faucet,object,hot,,water,description,le,,,,,,,
bathroom,location,shower,object,cold,description,hot,,water,description,repair,action,,,,,,,,,,
bathroom,location,shower,object,cold,,water,description,handle,object,fell,description,off,noise,w,noise,,,,,,
bathroom,location,shower,,rod,object,missing,,screws,description,mis,,,,,,,,,,,
bathroom,location,shower,,rod,object,repair,action,,,,,,,,,,,,,,
bathroom,location,sink,object,and,conjunction,tub,,faucet,object,leak,description,,,,,,,,,,
bathroom,location,sink,object,and,conjunction,tub,object,is,description,clogged,description,,,,,,,,,,
bathroom,location,tiles,object,on,description,wall,description,floor,description,falling,description,o,,,,,,,,,
bathroom,location,tiles,object,repair,action,,,,,,,,,,,,,,,,
bathroom,location,tiles,object,repair,action,replace,action,,,,,,,,,,,,,,
bathroom,location,toilet,,tank,object,flush,object,rod,noise,replace,action,,,,,,,,,,
bathroom,location,toilet,,tank,object,handle,object,repair,action,,,,,,,,,,,,
bathroom,location,vanity,object,replace,action,w,noise,o,noise,0,noise,383381,noise,,,,,,,,
bathroom,location,vent,object,block,,out,action,cigarette,description,smell,description,comi,noise,,,,,,,,
bathroom,location,window,,glass,object,broken,description,,,,,,,,,,,,,,
bathroom,location,window,,glass,object,broken,description,w,noise,o,noise,0,noise,387881,noise,,,,,,
bathroom,location,window,,glass,object,cracked,description,,,,,,,,,,,,,,
bathtub,object,clogged,description,bathroom,location,door,,knob,object,is,description,lose,description,,,,,,,,
bathtub,object,clogged,description,bring,action,snake,,all,description,needed,action,she,noise,,,,,,,,
bathtub,object,clogged,description,please,noise,snake,description,,,,,,,,,,,,,,
bedroom,location,amp,noise,bathroom,location,walls,object,cracked,description,repair,action,,,,,,,,,,
bedroom,location,amp,noise,living,,room,location,ceiling,object,leak,description,,,,,,,,,,
bedroom,location,and,conjunction,bathroom,location,windows,object,,,,,,,,,,,,,,
bedroom,location,window,,glass,object,broken,description,empty,description,apt,location,,,,,,,,,,
bedroom,location,window,,glass,object,cracked,description,,,,,,,,,,,,,,
bleed,action,radiators,object,heating,,pipes,object,for,description,noise,description,,,,,,,,,,
blinds,object,are,description,broken,description,take,,measurements,action,for,description,repl,noise,,,,,,,,
blinds,object,are,description,not,description,opening,description,closing,description,,,,,,,,,,,,
blinds,object,fell,description,off,description,in,description,kitchen,location,,,,,,,,,,,,
boiler,,tubes,object,leaking,description,super,description,installed,action,2,numerator,plugs,object,,,,,,,,
boiler,,room,location,floor,object,paint,action,gray,description,,,,,,,,,,,,
boiler,,room,location,light,,bulb,object,replace,action,,,,,,,,,,,,
broken,description,inner,description,lobby,location,glass,object,,,,,,,,,,,,,,
broken,description,kitchen,location,cabinet,,door,object,,,,,,,,,,,,,,
broken,description,kitchen,,faucet,object,,,,,,,,,,,,,,,,
bthrm,location,sink,object,clogged,description,leak,description,in,description,drain,object,as,noise,per,noise,tnt,noise,,,,
building,location,2nd,noise,door,,handle,object,repair,action,replac,action,,,,,,,,,,
building,location,2nd,noise,door,,lock,object,damaged,description,repair,action,replace,action,,,,,,,,
building,location,entrance,,door,object,glass,object,repair,action,,,,,,,,,,,,
building,location,entrance,,door,object,lock,object,broken,action,key,object,,,,,,,,,,
building,location,front,,door,object,lock,object,repair,action,,,,,,,,,,,,
building,location,garbage,,removal,action,from,description,weekend,description,,,,,,,,,,,,
building,location,hallway,location,ceiling,object,repair,action,replace,action,,,,,,,,,,,,
building,location,intercom,object,repair,action,replace,action,,,,,,,,,,,,,,
building,location,intercom,,system,object,not,description,working,description,,,,,,,,,,,,
cabinets,object,defective,description,kitchen,location,awaiting,noise,i,noise,,,,,,,,,,,,
cabinets,object,falling,description,loose,description,breaking,description,shoddy,noise,work,noise,,,,,,,,,,
carbon,,monoxide,,detector,object,smoke,,detecto,object,,,,,,,,,,,,
carbon,,monoxide,,device,object,missing,description,,,,,,,,,,,,,,
caulk,action,around,noise,and,conjunction,inside,description,vanity,object,and,conjunction,seal,action,hole,description,,,,,,
caulk,action,around,noise,apt,location,,,,,,,,,,,,,,,,
caulk,action,around,noise,backsplash,object,and,conjunction,sink,object,,,,,,,,,,,,
ceiling,,fan,object,electrical,description,repairs,action,,,,,,,,,,,,,,
ceiling,,fan,object,light,,bulb,object,replacement,action,,,,,,,,,,,,
ceiling,,fan,object,needs,description,new,noise,bulb,object,and,conjunction,needs,description,to,noise,be,noise,changed,action,,
check,action,2,numerator,closet,,doors,object,in,description,apt,location,1,noise,d,noise,,,,,,
check,action,2,numerator,inoperable,description,light,,fixtures,object,in,description,unit,location,,,,,,,,
check,action,2,numerator,leaky,description,loose,description,toilets,object,,,,,,,,,,,,
check,action,bathroom,location,for,description,mildew,description,odor,description,due,,to,analysis,previou,,,,,,,
check,action,bdrm,location,door,,knob,object,loose,description,,,,,,,,,,,,
check,action,bedroom,location,air,,condition,object,,,,,,,,,,,,,,
check,action,bedroom,location,door,object,if,noise,damaged,description,by,noise,t,,,,,,,,,
check,action,bedroom,location,for,description,cold,,draft,description,coming,noise,in,noise,,,,,,,,
check,action,circuit,,breaker,object,box,noise,take,action,pics,description,,,,,,,,,,
check,action,common,,areas,location,in,description,entire,description,building,description,includi,noise,,,,,,,,
check,action,damaged,description,floors,object,in,description,hallway,location,cau,noise,,,,,,,,,,
check,action,dishwasher,object,inside,noise,piece,noise,that,noise,spins,noise,came,noise,,,,,,,,
check,action,electrical,,cords,object,of,description,bedroom,location,and,conjunction,livingr,location,,,,,,,,
check,action,for,noise,broken,description,door,object,,,,,,,,,,,,,,
check,action,refrigerator,object,leaking,description,water,noise,inside,noise,,,,,,,,,,,,
check,action,refrigerator,object,making,description,noise,description,,,,,,,,,,,,,,
check,action,refrigerator,object,stove,object,,,,,,,,,,,,,,,,
check,action,repair,action,bathroom,location,sink,object,cold,,water,description,knob,object,,,,,,,,
check,action,repair,action,bathroom,location,sink,,faucet,object,leaking,description,t,,,,,,,,,
check,action,stove,object,smells,description,gas,description,when,noise,cooking,noise,,,,,,,,,,
check,action,stove,object,and,conjunction,install,action,towel,,bar,object,,,,,,,,,,
conduct,noise,monthly,description,elevator,location,communication,description,test,action,a,noise,,,,,,,,,,
confirm,action,holes,description,in,description,hall,location,and,conjunction,closet,object,are,description,plastered,action,,,,,,
connect,action,bthrm,location,sink,object,as,,per,noise,anthony,noise,,,,,,,,,,
connect,action,dishwasher,object,check,action,and,conjunction,correct,description,,,,,,,,,,,,
contractor,noise,scratched,description,window,object,from,description,outside,description,when,noise,,,,,,,,,,
court,,case,description,repair,action,kitchen,location,sink,object,,,,,,,,,,,,
court,,order,description,,,inspect,action,repair,action,,,,,,,,,,,,
court,,order,description,inspect,action,repair,action,floor,,tiling,object,,,,,,,,,,
court,,order,description,repair,action,check,action,windows,object,throughout,noise,,,,,,,,,,
cover,action,any,noise,mouse,,holes,object,in,description,kitchen,location,area,noise,check,action,,,,,,
cover,action,bathroom,location,opening,description,due,noise,contractors,noise,findi,noise,,,,,,,,,,
damaged,description,kitchen,location,floor,,tile,object,replace,action,,,,,,,,,,,,
dampspot,description,from,noise,wall,object,ceil,object,bathroom,location,,,,,,,,,,,,
defective,description,closet,,door,object,in,noise,front,noise,of,n,apt,location,,,,,,,,
defective,description,heater,object,bedroom,location,,,,,,,,,,,,,,,,
dishwasher,object,does,description,not,description,work,description,properly,noise,,,,,,,,,,,,
dishwasher,object,falling,description,out,description,noise,description,sockets,noise,,,,,,,,,,,,
distribute,action,no,,access,description,letters,description,,,,,,,,,,,,,,
do,action,a,noise,washer,object,dryer,object,inventory,object,in,noise,the,noise,a,noise,laundry,location,,,,
do,action,the,noise,inventory,object,of,description,the,noise,a,noise,tower,location,and,conjunction,the,noise,e,noise,tow,noise
door,,knob,object,is,description,loose,description,,,,,,,,,,,,,,
drill,action,dust,description,treatment,action,for,description,rodents,description,,,,,,,,,,,,
drop,noise,ceiling,,tile,object,repair,action,replace,action,,,,,,,,,,,,
dummy,noise,lock,object,needed,description,at,description,apt,location,door,object,,,,,,,,,,
electric,object,in,noise,bedroom,location,isnt,description,working,description,properly,noise,,,,,,,,,,
electrical,object,kitchen,location,switch,object,not,description,working,description,properl,noise,,,,,,,,,,
electrical,,outlet,object,in,noise,livingroom,location,,,,,,,,,,,,,,
elevator,location,1,,door,,roller,object,on,noise,the,noise,4th,,floor,location,not,noise,,,,
elevator,location,1,,off,,level,description,super,noise,called,noise,el,noise,tech,noise,su,noise,,,,
elevator,location,3,,stuck,description,in,description,lobby,location,super,noise,called,noise,unite,noise,,,,,,
emergency,description,plaster,action,paint,action,wall,object,in,noise,the,noise,walking,noise,,,,,,,,
emergency,description,call,noise,repaired,action,kitchen,location,sink,object,hot,,water,description,,,,,,,,
entrance,location,door,,frame,object,needs,description,to,noise,be,noise,painted,action,,,,,,,,
eviction,action,between,noise,10am,noise,11am,noise,with,noise,marshal,noise,,,,,,,,,,
eviction,action,change,action,door,,lock,object,,,,,,,,,,,,,,
exit,,door,object,knob,object,35th,,fl,location,,,,,,,,,,,,
exposed,description,electric,,wiring,object,please,noise,cover,action,,,,,,,,,,,,
exterminate,action,install,action,bedbug,description,monitors,action,inspection,action,,,,,,,,,,,,
extermination,action,needed,description,in,description,front,,door,location,area,noise,kitc,noise,,,,,,,,
exterminator,action,schedule,description,to,noise,drill,action,dust,action,walls,object,f,noise,,,,,,,,
faucet,object,broken,description,job,noise,completed,action,,,,,,,,,,,,,,
faucet,object,keeps,description,dripping,description,water,description,,,,,,,,,,,,,,
faucet,object,leaking,description,in,noise,kitchen,location,,,,,,,,,,,,,,
fdny,,inspection,action,to,description,renew,action,permits,description,,,,,,,,,,,,
find,action,and,conjunction,repair,action,water,,leak,description,lea,noise,,,,,,,,,,
finish,action,painting,action,bathroom,location,ceiling,object,,,,,,,,,,,,,,
fire,,egress,object,defective,description,remove,action,obstruction,description,,,,,,,,,,,,
fire,,escape,location,window,,glass,object,broken,description,insid,noise,,,,,,,,,,
fix,action,bathroom,location,ceiling,object,door,object,painitng,action,due,noise,water,description,,,,,,,,
fix,action,closet,,door,object,off,,track,description,,,,,,,,,,,,
fix,action,peeling,description,paint,action,in,noise,the,noise,bathroom,location,caus,noise,,,,,,,,
floor,object,buckle,description,in,noise,bedroom,location,closet,object,,,,,,,,,,,,
follow,,up,action,on,noise,leak,description,in,noise,unit,location,repair,action,was,noise,made,noise,,,,
francisco,noise,vicente,noise,will,noise,be,noise,working,action,with,noise,heatcl,noise,,,,,,,,
freezer,object,shelf,object,rack,noise,missing,description,,,,,,,,,,,,,,
full,description,bath,object,basin,object,leak,description,,,,,,,,,,,,,,
garbage,object,cleaning,action,,,,,,,,,,,,,,,,,,
garbage,object,removal,action,clean,,up,action,garbage,,area,location,,,,,,,,,,
garbage,object,removal,action,building,location,laundry,,room,location,clean,action,,,,,,,,,,
ground,,floor,location,compactor,object,clean,,up,action,,,,,,,,,,,,
grout,action,around,description,tiles,object,in,noise,bathroom,location,where,noise,needed,noise,,,,,,,,
grout,action,bathroom,location,tiles,object,,,,,,,,,,,,,,,,
half,noise,bathroom,location,basin,object,leaking,description,,,,,,,,,,,,,,
half,noise,bathroom,location,sink,object,not,,draining,description,properly,noise,,,,,,,,,,
halls,location,staircase,location,electrical,description,hazards,description,ot,noise,,,,,,,,,,,,
gas,,leak,description,on,noise,stove,object,,,,,,,,,,,,,,
gas,,odor,description,please,noise,check,action,stove,object,,,,,,,,,,,,
gas,,smell,description,coming,description,from,noise,stove,object,,,,,,,,,,,,
general,description,repair,action,not,noise,specified,noise,by,noise,tenan,noise,,,,,,,,,,
general,description,repairs,action,,,,,,,,,,,,,,,,,,
ground,,floor,location,compactor,object,clean,action,up,source,,,,,,,,,,,,
grout,action,around,noise,tiles,object,in,noise,bathroom,location,where,noise,needed,noise,,,,,,,,
grout,action,bathroom,location,tiles,object,,,,,,,,,,,,,,,,
half,noise,bathroom,location,basin,object,leaking,description,,,,,,,,,,,,,,
half,noise,bathroom,location,sink,object,not,,draining,description,properly,noise,,,,,,,,,,
halls,location,staircase,location,electrical,description,hazards,description,ot,noise,,,,,,,,,,,,
handle,object,at,noise,kitchen,location,faucet,object,is,noise,off,description,,,,,,,,,,
heater,object,is,description,not,description,shutting,,off,action,,,,,,,,,,,,
heater,object,not,,working,description,in,noise,bedrooms,location,,,,,,,,,,,,
heating,,pipe,object,leak,description,repair,action,,,,,,,,,,,,,,
hole,description,in,noise,drywall,description,at,noise,kitchen,,cabinet,object,,,,,,,,,,
hot,,water,description,coming,noise,out,noise,when,description,cold,,water,description,is,noise,turne,noise,,,,
hpd,noise,kitchen,location,base,,cabinet,object,sink,object,replace,action,,,,,,,,,,
identify,action,leak,description,coming,description,from,description,ceiling,object,,,,,,,,,,,,
inspect,action,repair,action,bathroom,location,wall,object,leak,description,,,,,,,,,,,,
install,action,appliances,object,dishwasher,object,stove,object,microw,object,,,,,,,,,,,,
install,action,appliances,object,for,noise,905,noise,,,,,,,,,,,,,,
kitchen,location,hot,,water,description,,,,,,,,,,,,,,,,
kitchen,location,refridgerator,object,repair,action,inspect,action,,,,,,,,,,,,,,
kitchen,location,stove,object,range,noise,oven,object,stove,,burner,object,,,,,,,,,,
kitchen,location,aerator,object,missing,description,in,noise,kitchen,,sink,object,,,,,,,,,,
kitchen,location,sink,object,is,description,leaking,description,from,noise,the,noise,bottom,noise,,,,,,,,
kitchen,location,sink,object,is,description,leaking,description,from,noise,the,noise,pipe,noise,,,,,,,,
kitchen,location,sink,object,making,description,loud,,noise,description,bad,noise,o,noise,,,,,,,,
kitchen,location,sink,object,mold,description,removal,action,,,,,,,,,,,,,,
kitchen,location,sink,object,stoppage,description,bedbugs,description,see,action,carlos,noise,,,,,,,,,,
kitchen,location,sink,object,stoppage,description,also,conjunction,leaking,description,from,noise,under,noise,,,,,,,,
kitchen,location,stove,,burner,object,out,description,,,,,,,,,,,,,,
kitchen,location,stove,,top,object,not,,working,description,properly,noise,,,,,,,,,,
lanscaping,location,clean,,up,action,the,noise,bushes,description,,,,,,,,,,,,
large,noise,hole,description,above,description,shower,,head,object,due,noise,to,noise,plumbing,description,,,,,,
laundry,,room,location,drain,object,clog,description,,,,,,,,,,,,,,
laundry,,room,location,keep,noise,triping,description,,,,,,,,,,,,,,
laundry,,room,location,plumbing,description,stoppage,description,,,,,,,,,,,,,,
leak,description,affecting,noise,kitchen,location,outlet,object,,,,,,,,,,,,,,
leak,description,coming,,down,description,kitchen,location,wall,object,,,,,,,,,,,,
leak,description,coming,,from,description,bathroom,location,toilet,object,,,,,,,,,,,,
leaking,description,on,,kitchen,location,trap,object,,,,,,,,,,,,,,
leaking,description,under,description,bathroom,location,sink,object,cabinet,object,,,,,,,,,,,,
light,,fixture,object,covers,object,needed,action,and,conjunction,replace,action,light,object,,,,,,,,
lights,object,not,,working,description,at,noise,building,location,above,noise,on,noise,t,noise,,,,,,
lights,object,out,description,on,noise,the,noise,7th,,floor,location,staircase,location,x,noise,and,conjunction,z,noise,,
living,,room,location,bedroom,location,kitchen,location,radiator,object,,,,,,,,,,,,
living,,room,location,radiator,,valve,object,,,,,,,,,,,,,,
living,,room,location,window,,screen,object,measure,action,install,action,,,,,,,,,,
lobby,location,door,object,paint,action,black,description,,,,,,,,,,,,,,
look,,for,action,leak,description,above,description,bathroom,location,ceiling,object,,,,,,,,,,
look,,for,action,leak,description,into,noise,community,,room,location,,,,,,,,,,
mailbox,location,cylinder,object,change,action,,,,,,,,,,,,,,,,
mailbox,location,front,,door,object,lock,object,replace,action,apt,location,c45,noise,,,,,,,,
mailbox,location,lock,object,not,,working,description,properly,noise,,,,,,,,,,,,
main,noise,apartment,location,entrance,,door,object,,,,,,,,,,,,,,
main,noise,bathroom,location,tub,object,clogg,description,,,,,,,,,,,,,,
main,noise,entrance,,door,object,lock,object,is,description,loose,description,please,noise,fix,action,,,,,,
master,noise,bathroom,location,medicine,,cabinet,object,glass,object,fell,description,o,noise,,,,,,,,
master,noise,bathroom,location,soap,,dish,object,fell,,off,noise,,,,,,,,,,
medicine,,cabinet,object,inspection,action,,,,,,,,,,,,,,,,
microwave,object,door,,handle,object,is,description,broken,description,,,,,,,,,,,,
microwave,object,handle,object,broken,description,,,,,,,,,,,,,,,,
missing,description,bathroom,location,bulbs,object,,,,,,,,,,,,,,,,
missing,description,closet,,door,object,knob,object,,,,,,,,,,,,,,
missing,description,towel,,bar,object,,,,,,,,,,,,,,,,
monthly,noise,elevator,location,communication,description,test,action,2,numerator,fire,noise,,,,,,,,,,
mount,action,hallway,location,signs,object,,,,,,,,,,,,,,,,
new,noise,tenant,noise,check,action,repair,action,kitchen,location,sink,,faucet,object,,,,,,,,
new,noise,tenant,noise,showerhead,object,repair,action,,,,,,,,,,,,,,
next,noise,to,noise,mail,,room,location,replace,action,missing,description,broken,description,wa,noise,,,,,,
no,description,cold,,water,description,in,description,bthrm,location,hot,,water,description,is,description,scoldin,description,,,,
no,description,electrical,,power,description,in,description,kitchen,location,,,,,,,,,,,,
no,description,electricity,description,in,description,master,noise,bedroom,location,,,,,,,,,,,,
no,description,heat,description,in,description,the,noise,bedroom,location,,,,,,,,,,,,
no,description,heat,description,always,noise,cold,noise,,,,,,,,,,,,,,
no,description,heat,description,in,description,living,,room,location,and,conjunction,bedroom,location,,,,,,,,
no,description,light,action,at,description,microwave,object,,,,,,,,,,,,,,
no,description,light,object,in,noise,front,noise,of,noise,tnt,noise,s,noise,apt,location,,,,,,
no,description,water,description,at,description,toilet,object,and,conjunction,basin,object,,,,,,,,,,
office,noise,replace,action,toilet,,seat,object,,,,,,,,,,,,,,
oil,action,squeaking,description,closet,object,silicone,action,around,noise,kitchen,location,,,,,,,,,,
old,noise,tenant,noise,tripping,description,on,noise,bathroom,,entrance,location,due,anlysis,,,,,,,,
one,numerator,range,object,on,noise,stove,object,is,description,not,description,igniting,description,,,,,,,,
open,action,ac,,cover,object,install,action,ac,,sleeve,object,if,noise,necessar,noise,,,,,,
order,action,intercom,,system,object,info,description,plate,description,,,,,,,,,,,,
organize,action,stock,,room,location,,,,,,,,,,,,,,,,
outdoor,description,lights,object,install,action,,,,,,,,,,,,,,,,
outlet,,cover,object,heater,,cover,object,,,,,,,,,,,,,,
outlets,object,in,description,bedroom,location,living,,room,location,,,,,,,,,,,,
oven,object,is,,not,,working,description,again,noise,,,,,,,,,,,,
oven,,light,object,doesn,description,t,noise,work,description,,,,,,,,,,,,
over,,head,description,garage,location,gate,object,in,description,open,description,position,description,coveri,,,,,,,
overhead,description,light,,fixtures,object,repair,action,,,,,,,,,,,,,,
paint,action,hallway,location,at,noise,540,noise,get,noise,location,noise,,,,,,,,,,
paint,action,19th,,floor,location,and,conjunction,work,action,down,noise,,,,,,,,,,
paint,action,all,description,apt,location,doors,object,in,noise,entire,noise,building,noise,,,,,,,,
paint,action,apartment,location,complete,description,3,noise,year,noise,cycle,noise,paint,noise,,,,,,,,
paint,action,building,,lobby,location,door,object,,,,,,,,,,,,,,
paint,action,entire,noise,bthrm,location,,,,,,,,,,,,,,,,
paint,action,fence,object,on,noise,111th,noise,street,noise,,,,,,,,,,,,
paint,action,front,,door,object,,,,,,,,,,,,,,,,
paint,action,hallway,location,on,description,the,description,4th,,floor,location,ple,noise,,,,,,,,
paint,action,roof,location,graffiti,description,,,,,,,,,,,,,,,,
paint,action,stairwell,location,580,noise,lobby,location,,,,,,,,,,,,,,
paint,action,stairwell,location,q,noise,and,conjunction,p,noise,on,noise,1st,,floor,location,,,,,,
paint,action,the,noise,inside,description,of,description,apt,location,door,object,,,,,,,,,,
paint,action,with,description,light,description,colored,description,paint,description,to,noise,t,noise,,,,,,,,
partial,noise,cycle,noise,paint,action,kitchen,location,bathroom,location,comple,noise,,,,,,,,,,
patch,action,holes,description,under,noise,the,noise,kitchen,location,and,conjunction,or,conjunction,any,noise,othe,noise,,,,
pests,description,mice,description,entire,noise,apt,location,awaiting,noise,inspection,action,,,,,,,,,,
pickup,action,inside,description,garage,location,roof,,deck,location,,,,,,,,,,,,
pipe,object,repair,action,in,description,bathroom,location,sink,object,undernea,noise,,,,,,,,,,
pipe,object,under,noise,basin,object,is,description,broken,description,,,,,,,,,,,,
place,action,mulch,description,inside,description,flower,,boxes,object,,,,,,,,,,,,
plaster,action,paint,action,around,noise,small,noise,vanity,object,smooth,noise,ou,,,,,,,,,
plaster,action,paint,action,bathroom,location,wall,object,above,description,vanity,object,,,,,,,,,,
plaster,action,and,conjunction,paint,action,at,description,elevator,,bank,location,,,,,,,,,,
plaster,action,paint,action,rerent,description,unit,location,apt,location,3e,noise,,,,,,,,,,
please,noise,assess,action,the,description,window,location,as,noise,per,noise,roc,noise,,,,,,,,
please,noise,check,action,circuit,,breaker,,panel,object,no,noise,ele,noise,,,,,,,,
please,noise,check,action,all,noise,out,,door,description,lights,object,turn,noise,them,noise,,,,,,
please,noise,check,action,electric,,outlets,object,around,description,apt,location,some,noise,,,,,,,,
please,noise,check,action,kitchen,location,light,,fixture,object,to,noise,make,noise,s,noise,,,,,,
please,noise,identify,action,leak,description,coming,description,to,description,tenant,noise,ceiling,object,,,,,,,,
please,noise,inspect,action,and,conjunction,replace,action,if,noise,is,noise,necessary,noise,el,noise,,,,,,
please,noise,patch,action,wall,object,opening,description,in,description,kitchen,location,hallway,location,,,,,,,,
plumbing,description,repair,action,in,description,community,,room,location,require,noise,bui,noise,,,,,,,,
police,noise,up,noise,and,conjunction,clean,,up,action,the,description,courtyard,location,area,noise,alo,noise,,,,
porter,noise,on,noise,vacation,noise,building,location,cleaning,action,,,,,,,,,,,,
post,action,housing,noise,sign,object,in,description,lobby,location,all,noise,buildings,noise,,,,,,,,
pre,noise,inspect,action,apartment,location,for,noise,transfer,noise,,,,,,,,,,,,
pre,noise,inspection,action,for,noise,bed,,bugs,description,schedule,action,for,noise,tues,noise,,,,,,
prep,action,vacant,noise,unit,location,e19f,noise,for,noise,4,noise,15,noise,move,,in,description,,,,
prepare,action,one,numerator,vanity,object,and,conjunction,medicine,,cabinet,object,for,noise,m,noise,,,,,,
problem,description,with,noise,toilet,,handle,object,,,,,,,,,,,,,,
properly,noise,seal,action,around,noise,medicine,,cabinet,object,,,,,,,,,,,,
provide,,access,action,to,noise,water,,meter,object,inline,,to,,rep,,,,,,,
pte,noise,knock,action,first,noise,tnt,noise,states,noise,they,noise,,,,,,,,,,
pte,noise,repair,action,kitchen,location,cabinet,object,stuck,description,closed,description,,,,,,,,,,
pte,noise,check,action,repair,action,bathroom,location,vent,object,not,,working,description,,,,,,,,
pull,,out,action,stove,object,for,noise,resident,noise,for,noise,cleaning,action,,,,,,,,
punch,,out,action,apartment,location,leased,noise,up,noise,for,noise,rental,noise,june,noise,,,,,,
put,,back,action,hallway,location,closet,,door,object,is,noise,in,noise,apartmen,noise,,,,,,
radiator,,valve,object,repair,action,,,,,,,,,,,,,,,,
re,noise,glaze,action,tub,object,ceramic,description,chipped,description,at,noise,stainer,noise,pee,noise,,,,,,
re,noise,grout,action,around,noise,bathtub,object,w,noise,o,noise,0,noise,386858,noise,,,,,,
re,noise,grout,action,shower,,tiles,object,,,,,,,,,,,,,,
re,noise,install,action,replace,action,dishwasher,object,door,noise,gasket,description,,,,,,,,,,
re,noise,secure,action,cabinet,object,in,noise,kitchen,location,,,,,,,,,,,,
reconnect,action,gas,noise,stove,object,seal,action,hole,description,behind,description,stove,object,,,,,,,,
refrigerator,object,bottom,description,door,,gasket,object,coming,noise,loose,description,,,,,,,,,,
refrigerator,object,door,,handle,object,,,,,,,,,,,,,,,,
reinstall,action,shower,,curtain,,rod,object,fell,description,down,noise,,,,,,,,,,
remove,action,garbage,object,from,noise,the,noise,building,noise,,,,,,,,,,,,
remove,action,101,,kitcnen,location,faucet,object,from,noise,vacant,noise,1309,noise,6b,noise,,,,,,
remove,action,ac,,grill,object,and,conjunction,cover,object,,,,,,,,,,,,
remove,action,ac,,unit,object,from,noise,bedroom,noise,and,noise,living,,room,noise,s,,,,,
remove,action,air,,condition,,cover,object,install,action,a,,c,object,,,,,,,,
remove,action,air,,condition,object,tenant,noise,purchased,noise,,,,,,,,,,,,
remove,action,all,noise,moldings,object,in,noise,apt,location,,,,,,,,,,,,
remove,action,all,noise,sheetrock,object,and,conjunction,debris,object,from,noise,side,noise,eme,noise,,,,,,
remove,action,all,noise,window,,guards,object,and,conjunction,paint,action,black,noise,,,,,,,,
remove,action,smoke,,alarm,object,and,conjunction,install,action,combo,,alarm,object,,,,,,,,
remove,action,snow,object,from,noise,all,noise,buildings,noise,,,,,,,,,,,,
remove,action,stove,object,refrigerator,object,put,noise,in,noise,storage,noise,,,,,,,,,,
repair,action,replace,action,install,action,,,,,,,,,,,,,,,,
repair,action,replace,action,kitchen,location,floor,,tiles,object,,,,,,,,,,,,
repair,action,apartment,location,door,,knob,object,loose,description,and,noise,coming,noise,o,noise,,,,,,
repair,action,balcony,location,door,,handle,object,,,,,,,,,,,,,,
repair,action,bathroom,location,door,,hinge,object,,,,,,,,,,,,,,
repair,action,ceiling,object,wall,object,damaged,description,,,,,,,,,,,,,,
repair,action,damaged,description,wall,,tiles,object,,,,,,,,,,,,,,
repair,action,heat,,pipe,object,leak,description,,,,,,,,,,,,,,
repair,action,hole,description,above,description,toilet,object,in,noise,bthrm,location,,,,,,,,,,
repair,action,inspect,action,bedroom,location,window,object,draft,description,,,,,,,,,,,,
repair,action,intercom,,system,object,in,noise,building,noise,,,,,,,,,,,,
repair,action,kitchen,location,cabinet,,door,object,coming,,off,description,hinge,object,,,,,,,,
repair,action,light,,fixture,object,in,noise,hallway,location,nea,noise,,,,,,,,,,
repair,action,radiator,object,leak,description,4th,noise,floor,noise,,,,,,,,,,,,
seal,action,rodent,description,access,,holes,object,in,noise,ceiling,location,throughou,noise,,,,,,,,
seal,action,wall,object,holes,description,under,description,kitchen,,cabinets,object,mice,description,c,noise,,,,,,
secure,action,toilet,location,seat,object,toilet,location,constantly,,running,description,,,,,,,,,,
see,action,list,object,on,noise,anthonys,noise,door,noise,key,noise,to,noise,apt,noise,is,noise,there,noise,,
sheetrock,object,lobby,location,ceiling,object,due,,to,noise,leak,description,,,,,,,,,,
shower,,valve,object,needs,description,to,noise,be,noise,changed,description,no,,,,,,,,,
silicone,action,tub,object,and,conjunction,countertop,object,,,,,,,,,,,,,,
sink,object,and,conjunction,bathtub,object,clogged,description,,,,,,,,,,,,,,
slow,,drain,description,in,noise,bthrm,location,tnt,noise,didn,noise,t,noise,state,noise,tub,object,or,noise,s,noise
slowleak,description,at,noise,wall,object,ceil,object,lobby,location,awaiting,noise,inspecti,noise,,,,,,,,
small,noise,bathroom,location,in,noise,office,location,slow,,drain,description,,,,,,,,,,
snow,description,removal,action,take,action,pictures,object,,,,,,,,,,,,,,
snow,description,removal,action,from,noise,side,,walks,location,pathways,location,,,,,,,,,,
tenant,noise,needs,noise,help,action,to,noise,replace,action,refrigerator,object,lig,noise,,,,,,,,
tenant,noise,request,noise,stove,object,removed,action,,,,,,,,,,,,,,
tighten,action,kitcehn,location,faucet,object,,,,,,,,,,,,,,,,
tile,description,floor,location,repair,action,,,,,,,,,,,,,,,,
tnt,noise,stated,noise,shower,object,knocking,description,not,noise,sure,noise,what,noise,th,noise,,,,,,
tnt,noise,stated,noise,you,noise,went,noise,to,noise,unit,noise,what,noise,ar,noise,,,,,,
toilet,object,and,conjunction,basin,object,stoppage,description,,,,,,,,,,,,,,
toilet,object,and,conjunction,sink,object,stoppage,description,,,,,,,,,,,,,,
toilet,object,is,description,clogged,description,please,noise,come,noise,asap,noise,,,,,,,,,,
toilet,,tank,object,running,description,and,conjunction,going,noise,to,noise,over,,flow,description,,,,,,
touch,,up,action,hallways,location,and,conjunction,grounds,location,,,,,,,,,,,,
trace,action,leak,description,that,noise,is,noise,effecting,noise,resident,noise,,,,,,,,,,
tub,object,and,conjunction,sink,object,in,noise,full,noise,bathroom,location,not,,draining,description,pr,noise,,,,
tub,object,stopapge,description,back,noise,to,noise,back,noise,with,noise,10,noise,o,noise,kitchen,noise,,,,
turn,,on,action,circuit,,breaker,object,in,noise,hallway,location,,,,,,,,,,
turn,,sprinkler,object,on,action,for,noise,lawn,location,grass,noise,,,,,,,,,,
type,action,print,action,reqs,description,,,,,,,,,,,,,,,,
unclogged,action,tub,object,stoppage,description,back,noise,to,noise,back,noise,with,noise,sink,object,,,,,,
underneath,noise,kitchen,location,sink,object,,,,,,,,,,,,,,,,
uniform,noise,all,noise,lights,object,on,noise,the,noise,6th,noise,7th,,floor,location,,,,,,
unlock,action,balcony,location,pls,noise,keep,action,lock,object,and,noise,r,noise,,,,,,,,
update,action,the,noise,vacancy,description,excel,noise,spreadsheet,object,for,noise,bets,noise,,,,,,,,
vacant,description,17,noise,l,noise,install,action,stove,object,,,,,,,,,,,,
vacant,description,3c,noise,prep,action,the,noise,apartment,location,,,,,,,,,,,,
vacant,description,apt,noise,remove,action,window,,guard,object,from,noise,entir,noise,,,,,,,,
vacant,description,apt,noise,7,noise,g,noise,prep,action,apt,location,for,noise,rental,noise,,,,,,
veterans,noise,day,noise,go,action,green,description,please,noise,take,action,pictures,object,fr,noise,,,,,,
vio,noise,10719564,noise,repair,action,the,noise,broken,description,defective,description,rott,noise,,,,,,,,
violation,noise,check,action,and,conjunction,repair,action,dining,location,,,,,,,,,,,,
violation,noise,paint,action,bathroom,location,ceiling,object,,,,,,,,,,,,,,
violation,noise,11194456,noise,properly,noise,repair,action,the,noise,broke,object,,,,,,,,,,
violation,noise,11175685,noise,abate,action,the,noise,nuisance,description,consist,noise,,,,,,,,,,
wash,action,down,noise,pressure,,wash,action,the,noise,outside,location,sitting,noise,a,noise,,,,,,
washing,,machine,object,leak,description,repair,action,emergency,noise,call,noise,,,,,,,,,,
water,action,and,conjunction,clean,action,up,noise,landscapes,location,,,,,,,,,,,,
water,action,and,conjunction,trimm,action,lanscape,location,,,,,,,,,,,,,,
water,,coming,,down,description,in,noise,bathroom,location,ceiling,object,,,,,,,,,,
water,,coming,,out,description,form,noise,bathroom,location,,,,,,,,,,,,
water,,damage,description,between,description,kitchen,location,and,conjunction,hallway,location,,,,,,,,,,
water,action,trimm,action,lanscape,location,,,,,,,,,,,,,,,,
weather,,stripping,action,throughout,noise,windows,object,,,,,,,,,,,,,,
weatherize,action,ac,,units,object,,,,,,,,,,,,,,,,
weatherize,action,roof,location,and,conjunction,all,description,exterior,,doors,object,,,,,,,,,,
weatherstrip,action,windows,object,in,noise,bedroom,location,drafty,description,,,,,,,,,,,,
weekly,noise,laundry,,room,location,inspection,action,,,,,,,,,,,,,,
wheels,description,at,noise,balcony,location,door,object,need,noise,replacing,action,,,,,,,,,,
wheels,description,needed,noise,for,noise,balcony,location,door,object,,,,,,,,,,,,
wind,description,coming,noise,through,noise,the,noise,windows,object,,,,,,,,,,,,
window,,sill,object,repair,action,court,noise,order,noise,,,,,,,,,,,,
window,object,blinds,object,,,,,,,,,,,,,,,,,,
window,object,coming,,down,object,by,noise,itself,noise,reapir,action,,,,,,,,,,
window,object,does,,not,description,open,description,properly,noise,,,,,,,,,,,,
window,object,glass,object,replacement,action,all,noise,about,noise,,,,,,,,,,,,
window,,pane,object,glass,object,brkn,description,miss,noise,bedroom,location,awaiting,noise,,,,,,,,
window,,pane,object,replacement,action,,,,,,,,,,,,,,,,
window,object,repair,action,livingroom,location,bedroom,location,,,,,,,,,,,,,,
window,,screen,object,installation,action,,,,,,,,,,,,,,,,
windows,object,by,noise,the,noise,old,noise,oil,,tank,location,need,noise,to,noise,be,noise,sealed,action,,
windows,object,in,noise,middle,noise,and,conjunction,right,noise,bedrooms,location,do,noise,not,noise,s,noise,,,,
windows,object,need,noise,winterizing,action,,,,,,,,,,,,,,,,
winterize,action,ac,object,outlet,object,,,,,,,,,,,,,,,,
wires,object,hanging,description,from,noise,living,,room,location,heater,object,,,,,,,,,,
wood,description,floor,location,damaged,description,from,,a,analysis,water,noise,leak,decription,,,,,,,,
work,action,on,noise,the,noise,site,,compli,description,alerts,noise,and,conjunction,create,action,not,noise,,,,
work,,order,description,scheduled,noise,for,noise,tomorrow,noise,8am,noise,,,,,,,,,,
